ID,Name,Email,Phone,Address
1,Pamela Anderson,othornton@example.net,001-632-334-2784x42392,"Unit 9369 Box 0236, DPO AE 65435"
2,Stefanie Boyd,zcontreras@example.net,001-548-606-3137x8618,"2281 Harris Lodge, Reginaland, FM 30297"
3,Maria Evans,ujones@example.org,(288)654-1116x23623,"87699 William Forges Suite 259, Walshville, PA 22526"
4,James Mcmillan,tiffanymurphy@example.com,686.472.8447,"005 Tanya Stravenue Apt. 312, Kimberlyfort, KS 22377"
5,Desiree Jones,justin85@example.com,622.726.9258,"82257 Mark Dam, Katrinachester, WV 31670"
6,Jeffrey Kim,charrison@example.org,472-932-2198,"743 Moore Walks, North Laurie, VI 24383"
7,Alan Harvey,costajacob@example.net,+1-901-715-9873x215,"272 Burgess Trace Apt. 687, Brownhaven, IA 63080"
8,Claudia Thompson,kelly12@example.com,+1-912-942-8905x113,"547 Jerry Parkway, East Ryantown, MS 33176"
9,Mark Turner,christopher36@example.net,+1-347-934-5814x7059,"924 Mccormick Cliffs Suite 245, Brucefurt, HI 57609"
10,William Alvarado,josephday@example.org,680.407.3791x396,"2935 Booker Fields, Tammyview, AL 93775"
11,Patrick Williams,mayomary@example.com,001-907-469-1115x100,"5433 Emily Street, Howardborough, NV 70639"
12,Lauren Hunt,uhill@example.net,301.546.0509x73154,"4681 Edward Lights Suite 160, Hornemouth, NH 04082"
13,Evan Carson,amy05@example.net,(338)525-3297,"8721 Dalton Knolls Apt. 829, Johnchester, TX 10241"
14,Amy Jacobs,rodriguezkevin@example.org,001-244-321-9595x91065,"579 Scott Road, East Anthony, MT 07275"
15,Christopher James,varnold@example.net,425.441.5710x2684,"596 Katherine Union, Lauraview, MO 11810"
16,Joseph Rodriguez,lauren71@example.org,(441)781-1687x15665,"498 Todd Vista Suite 215, Hughesmouth, NY 31146"
17,Lauren Holmes,christopher70@example.org,(587)683-8987x0844,"193 Shari Fords Apt. 106, Port Jerome, MT 44760"
18,Christine Collins,lindajones@example.com,(248)516-8971x746,"Unit 2943 Box 6669, DPO AP 62961"
19,Matthew Rodriguez,francesterry@example.com,+1-636-648-8291x158,"8747 Carl Landing Suite 519, West Tracyhaven, FM 35718"
20,John Martinez,wcook@example.com,614-766-9257,"45136 Byrd Cliff Apt. 958, Bishopfort, AZ 16278"
21,Alexis Gregory,brandi65@example.com,(751)386-4217,"39907 Thomas Course, Olsonhaven, VA 34016"
22,Leslie Serrano,robertalexander@example.org,(610)350-1947x867,"5528 Michael Vista Apt. 471, North Stevenstad, PA 12444"
23,Charles Berry,tiffany01@example.com,001-779-200-0008x555,"609 Jessica Turnpike Suite 262, Shannonstad, MP 16203"
24,Leslie Smith,amyali@example.com,(772)665-7491,"Unit 6845 Box 5225, DPO AA 70706"
25,Julie Bond,sdonovan@example.org,281.616.8896x571,"571 Ingram Point, Alexaside, MI 14113"
26,Michael Cruz,dwilliams@example.org,(722)552-9758,"85203 Tucker Haven, Davidshire, UT 29268"
27,James Keller,joanne17@example.com,455.482.2117,"8364 Thomas Parkway Apt. 875, Pittmanmouth, GU 12664"
28,Darryl Reed,brittany40@example.net,3739659053,"9900 Amy Lakes Apt. 649, Kendramouth, TN 92453"
29,Andrew Dyer,steven45@example.com,3757918634,"6290 Bennett Burg Apt. 577, Rachelport, IA 87162"
30,Jason Gonzales,moorerobin@example.org,787.202.9799x922,"759 Steven Drive, Millerstad, WA 54902"
31,Thomas Garrett,adavenport@example.net,6819908264,"988 Rodriguez Greens Suite 337, Robertside, IL 90497"
32,John Gonzalez,michaelcox@example.net,517-528-3677,"707 Christopher Summit, Combsville, VT 67999"
33,Kevin Thomas,xcline@example.com,+1-931-655-9234x183,"PSC 2827, Box 1314, APO AA 70133"
34,Steven Martin,joan08@example.com,464-410-0755x25476,"9887 Pace Divide, Karimouth, TX 55563"
35,Linda Clark,perezjacqueline@example.com,+1-697-846-7016x1484,"98937 Steven Extension Suite 587, Murphystad, NH 32389"
36,Patricia Valdez,brittanyrivas@example.org,+1-810-389-0698x68028,"751 Jessica Island Apt. 504, Lake Robertton, DC 41607"
37,Timothy Edwards,rjohnson@example.org,(805)313-3837,"8956 Sullivan Garden Suite 977, Kellystad, IN 74560"
38,Natalie Brown,matthewmitchell@example.net,953-838-9650,"237 Johnson Mill, Kimview, OK 03854"
39,Taylor Yu PhD,jessica44@example.net,+1-609-595-5550,"PSC 2509, Box 6377, APO AE 08187"
40,John Bradford,amanda59@example.org,260.485.0306x745,"931 Teresa Lock Apt. 165, Port Barbaraton, NC 79019"
41,Keith Williams,yangamy@example.com,273.584.3512x84892,"0029 Johnson Shoals Apt. 395, West Andreachester, MS 57106"
42,David Harrison,rebecca15@example.org,(807)210-1697,"33298 Sherry Rapids, Timothychester, AR 77520"
43,Jamie Morales,yolandahawkins@example.net,001-841-571-8515x9217,"305 Logan Court, South Petermouth, KS 02654"
44,Shirley Brown,kristirose@example.net,(587)916-0780x3574,"081 Laura Point Suite 225, Jasonfurt, GU 43349"
45,Deborah Lam,ldavis@example.net,+1-298-561-1564x1319,"1992 Holmes Parkway Apt. 026, Port Emilyland, WA 24982"
46,Stephanie Koch,jennifer52@example.com,001-230-532-2660x44737,"286 Julie Square, Wrightchester, DC 04858"
47,Karen Hudson,stonesteven@example.net,624.620.2199x4848,"64338 Baker View Suite 146, East Samantha, FM 30751"
48,Tina Hardy,susanevans@example.com,550-218-1151,"10566 Mcdonald Well, North Anthony, NJ 29474"
49,David Kennedy,xfoster@example.net,001-226-944-4035x215,"0787 Crystal Harbor Apt. 623, Lake Tracybury, DC 73437"
50,Sharon Sandoval,stacy85@example.com,(864)888-0442x72818,"8085 Alexis Avenue Apt. 072, Lake Ericaburgh, IA 88639"
